{"skeleton":{"hash":"FuqmHtTtmvEZduGCaCg6Sf9N1l0","spine":"3.8.99","x":-188.53,"y":-230.33,"width":434.4,"height":444.4,"images":"","audio":"D:/MEGAsync/Apero/Blue sword"},"bones":[{"name":"root"},{"name":"bone","parent":"root","length":142.94,"rotation":-1.38,"x":-31.24,"y":-223.3},{"name":"Group 11","parent":"bone","length":86.7,"rotation":5.06,"x":0.5,"y":110.52},{"name":"Group 12","parent":"Group 11","length":50.07,"rotation":84.91,"x":-0.7,"y":-1.19},{"name":"Group 13","parent":"Group 12","length":43.88,"rotation":1.41,"x":50.07},{"name":"Group 15","parent":"Group 13","length":87.16,"rotation":-1.22,"x":48.12,"y":-1.24},{"name":"Group 14","parent":"Group 15","length":145.89,"rotation":-0.27,"x":84.5,"y":2.3},{"name":"Group 16","parent":"Group 11","length":42.31,"rotation":-93.68,"x":-0.61,"y":-0.34},{"name":"Group 17","parent":"Group 16","length":40.73,"x":9.67,"y":31},{"name":"Group 18","parent":"Group 17","length":41.82,"rotation":2.17,"x":40.73},{"name":"IK chan p","parent":"bone","rotation":1.38,"x":31.8,"y":17.96,"color":"ff3f00ff"},{"name":"Group 19","parent":"IK chan p","length":28.04,"rotation":-33.01,"x":-1.05,"y":0.82},{"name":"Group 20","parent":"Group 19","length":12.57,"rotation":23.45,"x":28.04},{"name":"Group 21","parent":"Group 16","length":40.73,"x":9.67,"y":-35.72},{"name":"Group 22","parent":"Group 21","length":41.82,"rotation":2.17,"x":40.73},{"name":"IK chan p2","parent":"bone","rotation":1.38,"x":-32.66,"y":16.41,"color":"ff3f00ff"},{"name":"Group 23","parent":"IK chan p2","length":28.04,"rotation":-33.01,"x":-1.05,"y":0.82},{"name":"Group 24","parent":"Group 23","length":12.57,"rotation":23.45,"x":28.04},{"name":"Group 6","parent":"Group 13","length":85.88,"rotation":-20.56,"x":-54.43,"y":-122.71},{"name":"Group 25","parent":"root","length":145.89,"rotation":90,"x":-26.73,"y":68.65},{"name":"Group 7","parent":"root","length":85.88,"rotation":68.94,"x":93.72,"y":-118.44},{"name":"Group 9","parent":"Group 7","length":153.91,"rotation":201.06,"x":120.22,"y":-0.47},{"name":"bone2","parent":"root","length":242.68,"rotation":-163.68,"x":287.96,"y":-1.33,"scaleY":0.7649,"shearY":51.24},{"name":"smoke2","parent":"root","length":89.15,"rotation":89.01,"x":-104.6,"y":-200.75,"scaleX":0.4124,"scaleY":0.4124},{"name":"smoke3","parent":"root","length":89.15,"rotation":89.01,"x":-104.6,"y":-200.75,"scaleX":0.4124,"scaleY":0.4124},{"name":"smoke4","parent":"root","length":89.15,"rotation":89.01,"x":-104.6,"y":-200.75,"scaleX":0.4124,"scaleY":0.4124},{"name":"smoke5","parent":"root","length":89.15,"rotation":89.01,"x":-104.6,"y":-200.75,"scaleX":0.4124,"scaleY":0.4124}],"slots":[{"name":"smoke2","bone":"smoke2","color":"371600ff"},{"name":"smoke3","bone":"smoke3","color":"371600ff"},{"name":"smoke4","bone":"smoke4","color":"371600ff"},{"name":"smoke5","bone":"smoke5","color":"371600ff"},{"name":"chan","bone":"Group 17","attachment":"chan"},{"name":"chan2","bone":"Group 17","attachment":"chan"},{"name":"tai2","bone":"Group 15","attachment":"tai"},{"name":"Group 11","bone":"Group 11","attachment":"Group 11"},{"name":"Group 12","bone":"Group 15","attachment":"Group 12"},{"name":"tai","bone":"Group 15","attachment":"tai"},{"name":"Group 13","bone":"Group 14","attachment":"Group 13"},{"name":"Group 14","bone":"Group 25"},{"name":"Group 6","bone":"Group 6","attachment":"Group 6"},{"name":"Group 7","bone":"Group 9"},{"name":"quai","bone":"Group 14","attachment":"quai"},{"name":"Slash_00001","bone":"bone2"}],"ik":[{"name":"IK chan p","bones":["Group 17","Group 18"],"target":"IK chan p","bendPositive":false},{"name":"IK chan t","order":1,"bones":["Group 21","Group 22"],"target":"IK chan p2","bendPositive":false}],"skins":[{"name":"default","attachments":{"Group 6":{"Group 6":{"x":119.39,"y":2.88,"rotation":-92.25,"width":108,"height":318}},"Group 7":{"Group 6":{"type":"mesh","uvs":[1,0.25355,1,1,0,1,0,0.25671,0,0,1,0],"triangles":[4,5,0,3,4,0,1,2,3,1,3,0],"vertices":[77.35,-50.77,-160.02,-50.5,-159.89,57.5,76.47,57.23,158.11,57.14,157.98,-50.86],"hull":6,"edges":[2,4,8,10,4,6,6,8,2,0,0,10],"width":108,"height":318}},"Group 11":{"Group 11":{"type":"mesh","uvs":[0.99999,0.38923,0.99999,0.45303,1,0.53782,1,0.67885,1,1,0,1,0,0.67428,0,0.53037,1.0E-5,0.43507,1.0E-5,0.3786,0,0,1,0,0.50979,0.60746,0.5231,0.43635,0.51467,0.82834,0.74003,0.5948,0.75206,0.82011,0.89504,0.45578,0.89859,0.53446,0.88904,0.73048,0.82236,0.8973],"triangles":[5,20,4,13,9,10,10,11,13,13,8,9,11,0,13,17,13,0,1,17,0,7,8,13,18,17,1,18,1,2,15,13,17,15,17,18,12,7,13,12,13,15,6,7,12,18,2,3,19,15,18,3,19,18,16,15,19,12,15,16,14,12,16,6,12,14,20,16,19,5,6,14,19,3,4,20,19,4,14,16,20,5,14,20],"vertices":[2,3,53.63,-60.86,0.47109,4,2.06,-60.93,0.52891,2,3,42.41,-61.14,0.56778,4,-9.17,-60.93,0.43222,2,3,27.49,-61.51,0.79352,4,-24.09,-60.93,0.20648,2,3,2.68,-62.12,0.79352,4,-48.91,-60.93,0.20648,1,7,56.24,62.14,1,1,7,56.24,-65.86,1,2,3,0.32,65.86,0.69509,4,-48.11,67.07,0.30491,2,3,25.64,66.49,0.69509,4,-22.78,67.07,0.30491,2,3,42.41,66.9,0.45881,4,-6.01,67.07,0.54119,2,3,52.35,67.14,0.35189,4,3.93,67.07,0.64811,2,3,118.96,68.79,0.02705,4,70.56,67.07,0.97295,2,3,122.12,-59.17,0.07331,4,70.56,-60.93,0.92669,1,3,13.69,0.92,1,2,3,43.84,-0.04,0.51328,4,-6.23,0.11,0.48672,1,3,-25.16,-0.67,1,2,3,16.65,-28.49,0.94892,4,-34.12,-27.66,0.05108,2,3,-22.96,-31.01,0.96989,4,-73.78,-29.2,0.03011,2,3,41.59,-47.72,0.62243,4,-9.65,-47.5,0.37757,2,3,27.76,-48.52,0.79718,4,-23.5,-47.95,0.20282,2,3,-6.76,-48.15,0.87098,4,-58,-46.73,0.12902,3,3,-36.32,-40.34,0.62289,4,-87.36,-38.19,0.02147,7,38.16,39.4,0.35564],"hull":12,"edges":[8,10,20,22,0,22,18,20,16,18,0,2,2,4,14,16,10,12,12,14,4,6,6,8],"width":128,"height":176}},"Group 12":{"Group 12":{"x":86.72,"y":11.15,"rotation":-88.78,"width":237,"height":243}},"Group 13":{"Group 13":{"x":39.7,"y":8.83,"rotation":-88.51,"width":308,"height":211}},"Group 14":{"Group 13":{"x":7.17,"y":8.83,"rotation":-88.51,"width":308,"height":211}},"Slash_00001":{"Slash_00001":{"x":192.47,"y":186.6,"scaleX":2.394,"scaleY":2.394,"rotation":-177.12,"width":315,"height":216},"Slash_00003":{"x":63.55,"y":126.66,"scaleX":2.8276,"scaleY":2.8276,"rotation":-177.63,"width":112,"height":131}},"chan":{"chan":{"type":"mesh","uvs":[0.7126,0.31251,0.768,0.34953,0.86214,0.64456,0.7853,0.71481,0.90156,0.74977,0.96883,0.77898,1,1,0.7235,1,0.66117,1,0.17313,0.99999,0.06485,0.82754,0.0831,0.77898,1.0E-5,0.37915,0,0.31251,0,0,0.7957,0.00247,0.41269,0.30264,0.41961,0.74443,0.77973,0.89991],"triangles":[0,16,15,13,14,16,16,14,15,12,16,17,1,16,0,1,17,16,2,17,1,12,13,16,7,8,18,9,17,8,8,17,18,9,10,17,17,10,11,18,17,3,11,12,17,3,17,2,7,18,6,18,5,6,18,4,5,18,3,4],"vertices":[3,11,-4.63,44.64,0.00126,9,1.68,20.13,0.4587,8,41.65,20.18,0.54004,3,11,0.36,43.65,0.00632,9,5.3,23.71,0.6379,8,45.13,23.9,0.35579,4,12,2.29,24.55,0.02689,11,20.37,23.43,0.28861,9,33.25,28.96,0.67147,8,72.86,30.2,0.01302,4,12,-1.83,17.26,0.14129,11,19.49,15.11,0.49439,9,39.65,23.57,0.36237,8,79.46,25.05,0.00194,4,12,6.36,15.15,0.55494,11,27.84,16.43,0.36905,9,43.23,31.23,0.076,8,82.75,32.84,0,3,12,11.22,13.1,0.71505,11,33.11,16.48,0.25101,9,46.15,35.63,0.03394,1,12,16.33,-7.15,1,2,12,-1.99,-9.86,0.38097,11,30.13,-9.84,0.61903,2,12,-6.12,-10.48,0.11328,11,26.59,-12.05,0.88672,1,11,-1.18,-29.32,1,2,11,-15.9,-19.39,0.99766,9,48.41,-25.07,0.00234,2,11,-17.27,-14.87,0.97228,9,43.9,-23.68,0.02772,3,11,-41.85,14.1,0.09967,9,6.13,-27.81,0.7179,8,47.91,-27.56,0.18243,3,11,-45.16,19.42,0.05277,9,-0.13,-27.58,0.60396,8,41.65,-27.56,0.34327,2,9,-29.49,-26.46,0.07082,8,12.27,-27.56,0.92918,2,9,-27.23,26.8,0,8,12.5,25.75,1,2,9,-0.01,0.09,0.48377,8,40.72,0.09,0.51623,2,11,0.15,-0.2,0.82896,9,41.51,-1.02,0.17104,3,12,0.35,-0.01,0.63506,11,28.36,0.13,0.36488,9,57.03,22.53,6.0E-5],"hull":16,"edges":[28,30,0,30,26,28,0,2,24,26,22,24,2,4,4,6,18,20,20,22,10,12,12,14,6,8,8,10,14,16,16,18],"width":67,"height":94}},"chan2":{"chan":{"type":"mesh","uvs":[0.7126,0.31251,0.768,0.34953,0.86214,0.64456,0.7853,0.71481,0.90156,0.74977,0.96883,0.77898,1,1,0.7235,1,0.66117,1,0.17313,0.99999,0.06485,0.82754,0.0831,0.77898,1.0E-5,0.37915,0,0.31251,0,0,0.7957,0.00247,0.41269,0.30264,0.41961,0.74443,0.77973,0.89991],"triangles":[18,3,4,18,4,5,18,5,6,7,18,6,3,17,2,11,12,17,18,17,3,17,10,11,9,10,17,8,17,18,9,17,8,7,8,18,16,14,15,13,14,16,0,16,15,12,13,16,2,17,1,1,17,16,1,16,0,12,16,17],"vertices":[3,14,1.8,21.81,0.65743,13,42.53,21.81,0.34228,17,-11.09,59.17,2.9E-4,4,14,5.62,25.33,0.82254,13,46.35,25.33,0.17593,16,-0.65,48.63,9.0E-5,17,-6.96,56.03,0.00143,3,14,35.32,29.69,0.75248,16,19.42,26.31,0.16241,17,2.56,27.57,0.08512,3,14,43.07,24.12,0.40152,16,19.07,16.77,0.35152,17,-1.55,18.95,0.24696,3,14,47.89,31.74,0.08554,16,28.08,16.97,0.18373,17,6.79,15.55,0.73073,3,14,50.95,36.15,0.03683,16,33.45,16.86,0.07925,17,11.68,13.31,0.88392,1,17,16.82,-7.06,1,2,16,30.55,-9.57,0.59082,17,-1.51,-9.78,0.40918,2,16,27,-11.78,0.85893,17,-5.64,-10.39,0.14107,2,14,70.27,-17.75,9.7E-4,16,-0.76,-29.05,0.99903,2,14,53.83,-24.52,0.1635,16,-15.49,-19.11,0.8365,2,14,49.15,-23.16,0.28018,16,-16.95,-14.46,0.71982,2,14,6.24,-26.36,0.74925,13,46.98,-26.36,0.25075,2,14,-0.13,-25.95,0.55638,13,40.6,-25.95,0.44362,2,14,-29.21,-25.06,0.00551,13,11.53,-25.06,0.99449,2,14,-27.55,28.15,0.00151,13,13.18,28.15,0.99849,2,14,0.01,1.78,0.51564,13,40.74,1.78,0.48436,3,14,45.84,-0.51,0.12684,16,0.09,0.83,0.87311,17,-25.3,11.88,5.0E-5,3,14,62.07,23.15,1.6E-4,16,28.78,0.4,0.17211,17,0.84,0.08,0.82773],"hull":16,"edges":[28,30,0,30,26,28,0,2,24,26,22,24,2,4,4,6,18,20,20,22,10,12,12,14,6,8,8,10,14,16,16,18],"width":67,"height":94}},"quai":{"quai":{"type":"mesh","uvs":[0.99999,0.98822,0.48256,0.99476,0,0,0.70678,0.11782],"triangles":[1,2,3,1,3,0],"vertices":[-114.59,32.38,-115.86,64.95,-53,97,-59.38,52.29],"hull":4,"edges":[0,2,2,4,4,6,0,6],"width":63,"height":64}},"smoke2":{"smoke":{"x":2.73,"y":-0.86,"rotation":-89.01,"width":180,"height":152}},"smoke3":{"smoke":{"x":2.73,"y":-0.86,"rotation":-89.01,"width":180,"height":152}},"smoke4":{"smoke":{"x":2.73,"y":-0.86,"rotation":-89.01,"width":180,"height":152}},"smoke5":{"smoke":{"x":2.73,"y":-0.86,"rotation":-89.01,"width":180,"height":152}},"tai":{"tai":{"type":"mesh","uvs":[1,1,0,1,0,0,1,0],"triangles":[1,2,3,1,3,0],"vertices":[-17.57,66.61,-18.93,130.6,51.06,132.09,52.42,68.1],"hull":4,"edges":[0,2,2,4,4,6,0,6],"width":64,"height":70}},"tai2":{"tai":{"type":"mesh","uvs":[1,1,0,1,0,0,1,0],"triangles":[1,2,3,1,3,0],"vertices":[11.48,-49.75,35,-109.27,100.1,-83.54,76.58,-24.02],"hull":4,"edges":[0,2,2,4,4,6,0,6],"width":64,"height":70}}}}],"events":{"attack event":{}},"animations":{"attack":{"slots":{"Slash_00001":{"attachment":[{"time":0.4,"name":"Slash_00001"},{"time":0.4667,"name":"Slash_00003"},{"time":0.5333,"name":null}]},"tai":{"attachment":[{"time":0.0667,"name":null},{"time":0.3333,"name":"tai"}]}},"bones":{"Group 11":{"rotate":[{"curve":0.25,"c3":0},{"time":0.2333,"angle":15.24,"curve":"stepped"},{"time":0.2667,"angle":15.24},{"time":0.4333,"angle":-12.16,"curve":"stepped"},{"time":0.4667,"angle":-12.16,"curve":0.25,"c3":0.75},{"time":0.5333,"angle":-9.72,"curve":0.25,"c3":0.75},{"time":0.8333}],"translate":[{"curve":0.25,"c3":0},{"time":0.2333,"x":-33.25,"y":-14.14,"curve":"stepped"},{"time":0.2667,"x":-33.25,"y":-14.14},{"time":0.4333,"x":44.34,"y":-17.51,"curve":"stepped"},{"time":0.4667,"x":44.34,"y":-17.51,"curve":0.25,"c3":0.75},{"time":0.5333,"x":35.44,"y":-13.99,"curve":0.25,"c3":0.75},{"time":0.8333}]},"Group 12":{"rotate":[{"curve":0.25,"c3":0},{"time":0.2333,"angle":8.62,"curve":"stepped"},{"time":0.2667,"angle":8.62},{"time":0.4333}]},"Group 13":{"rotate":[{"curve":0.25,"c3":0},{"time":0.2333,"angle":-6.37,"curve":"stepped"},{"time":0.2667,"angle":-6.37,"curve":0.25,"c3":0.75},{"time":0.4333,"angle":15.76,"curve":"stepped"},{"time":0.6333,"angle":15.76,"curve":0.25,"c3":0.75},{"time":0.8333}],"translate":[{"curve":0.25,"c3":0},{"time":0.2333,"x":-39.79,"y":6.21,"curve":"stepped"},{"time":0.2667,"x":-39.79,"y":6.21,"curve":0.25,"c3":0.75},{"time":0.4333,"x":30.38,"y":0.75,"curve":0.25,"c3":0.75},{"time":0.5333,"x":-23.46,"y":-0.58,"curve":0.25,"c3":0.75},{"time":0.6333}]},"Group 15":{"rotate":[{"curve":0.25,"c3":0},{"time":0.2333,"angle":8.27,"curve":"stepped"},{"time":0.2667,"angle":8.27},{"time":0.5}],"translate":[{"curve":0.25,"c3":0},{"time":0.2333,"x":-2.75,"y":24.72,"curve":"stepped"},{"time":0.2667,"x":-2.75,"y":24.72},{"time":0.5,"x":50.33,"y":-1.07,"curve":0.25,"c3":0.75},{"time":0.6,"x":-6.56,"y":0.14,"curve":0.25,"c3":0.75},{"time":0.7,"x":17.55,"y":-0.37,"curve":0.25,"c3":0.75},{"time":0.8333}]},"Group 14":{"translate":[{"time":0.3333,"curve":0.25,"c3":0.75},{"time":0.4333,"x":43.87,"y":4.5,"curve":0.25,"c3":0.75},{"time":0.5333,"curve":0.25,"c3":0.75},{"time":0.6,"x":18.22,"y":7.14,"curve":0.25,"c3":0.75},{"time":0.7}],"scale":[{"time":0.4333,"x":1.181,"y":0.977,"curve":0.25,"c3":0.75},{"time":0.5333}]},"Group 17":{"rotate":[{"angle":-0.92,"curve":"stepped"},{"time":0.4667,"angle":-0.92,"curve":0.25,"c3":0.75},{"time":0.5333,"angle":44.96,"curve":0.25,"c3":0.75},{"time":0.8333,"angle":-0.92}]},"Group 18":{"rotate":[{"angle":-2.17,"curve":"stepped"},{"time":0.4667,"angle":-2.17,"curve":0.25,"c3":0.75},{"time":0.5333,"angle":-79.89,"curve":0.25,"c3":0.75},{"time":0.8333,"angle":-2.17}]},"IK chan p":{"translate":[{"time":0.2667},{"time":0.4333,"x":36.99,"curve":"stepped"},{"time":0.4667,"x":36.99,"curve":0.25,"c3":0.75},{"time":0.5333,"x":29.57,"curve":0.25,"c3":0.75},{"time":0.8333}]},"Group 21":{"rotate":[{"angle":0.62,"curve":"stepped"},{"time":0.4667,"angle":0.62,"curve":0.25,"c3":0.75},{"time":0.5333,"angle":-5.5,"curve":0.25,"c3":0.75},{"time":0.8333,"angle":0.62}]},"Group 22":{"rotate":[{"angle":-2.17,"curve":"stepped"},{"time":0.4667,"angle":-2.17,"curve":0.25,"c3":0.75},{"time":0.5333,"angle":-19.22,"curve":0.25,"c3":0.75},{"time":0.8333,"angle":-2.17}]},"IK chan p2":{"translate":[{"curve":0.25,"c3":0},{"time":0.2333,"x":-42.08,"curve":"stepped"},{"time":0.2667,"x":-42.08},{"time":0.4333}]},"Group 6":{"rotate":[{"curve":0.25,"c3":0},{"time":0.2333,"angle":28.75,"curve":"stepped"},{"time":0.2667,"angle":28.75},{"time":0.4333,"angle":27.54,"curve":"stepped"},{"time":0.5333,"angle":27.54,"curve":0.25,"c3":0.75},{"time":0.7333,"angle":22.01,"curve":0.25,"c3":0.75},{"time":0.8333}],"translate":[{"curve":0.25,"c3":0},{"time":0.2333,"x":55.48,"y":230.76,"curve":"stepped"},{"time":0.2667,"x":55.48,"y":230.76},{"time":0.3,"x":15.84,"y":149.11},{"time":0.3333,"x":6.25,"y":106.96},{"time":0.3667,"x":0.55,"y":63.15},{"time":0.4333,"x":69,"y":-22.36},{"time":0.5333,"x":62.61,"y":14.89,"curve":0.25,"c3":0.75},{"time":0.7333,"x":55.15,"y":-17.88,"curve":0.25,"c3":0.75},{"time":0.8333}],"scale":[{"curve":0.25,"c3":0},{"time":0.2333,"x":0.674,"y":1.313,"curve":"stepped"},{"time":0.2667,"x":0.674,"y":1.313},{"time":0.4333,"x":0.719,"y":1.586,"curve":"stepped"},{"time":0.5333,"x":0.719,"y":1.586,"curve":0.25,"c3":0.75},{"time":0.7333,"x":0.775,"y":1.468,"curve":0.25,"c3":0.75},{"time":0.8333}],"shear":[{"curve":0.25,"c3":0},{"time":0.2333,"x":56.57,"curve":"stepped"},{"time":0.2667,"x":56.57},{"time":0.3,"x":112.32,"y":-23.81,"curve":"stepped"},{"time":0.3667,"x":-117.02,"y":9.74,"curve":"stepped"},{"time":0.4,"x":-70.97,"y":-2.43},{"time":0.4333,"x":64.17},{"time":0.5333,"x":79.97,"curve":0.25,"c3":0.75},{"time":0.8333}]},"Group 7":{"rotate":[{"curve":0.25,"c3":0},{"time":0.2333,"angle":28.75,"curve":"stepped"},{"time":0.2667,"angle":28.75},{"time":0.4333,"angle":27.54,"curve":"stepped"},{"time":0.5333,"angle":27.54,"curve":0.25,"c3":0.75},{"time":0.7333,"angle":22.01,"curve":0.25,"c3":0.75},{"time":0.8333}],"translate":[{"curve":0.25,"c3":0},{"time":0.2333,"x":55.48,"y":230.76,"curve":"stepped"},{"time":0.2667,"x":55.48,"y":230.76},{"time":0.3,"x":15.84,"y":149.11},{"time":0.3333,"x":6.25,"y":106.96},{"time":0.3667,"x":0.55,"y":63.15},{"time":0.4333,"x":69,"y":-22.36},{"time":0.5333,"x":62.61,"y":14.89,"curve":0.25,"c3":0.75},{"time":0.7333,"x":55.15,"y":-17.88,"curve":0.25,"c3":0.75},{"time":0.8333}],"scale":[{"curve":0.25,"c3":0},{"time":0.2333,"x":0.674,"y":1.313,"curve":"stepped"},{"time":0.2667,"x":0.674,"y":1.313},{"time":0.4333,"x":0.719,"y":1.586,"curve":"stepped"},{"time":0.5333,"x":0.719,"y":1.586,"curve":0.25,"c3":0.75},{"time":0.7333,"x":0.775,"y":1.468,"curve":0.25,"c3":0.75},{"time":0.8333}],"shear":[{"curve":0.25,"c3":0},{"time":0.2333,"x":56.57,"curve":"stepped"},{"time":0.2667,"x":56.57},{"time":0.3,"x":112.32,"y":-23.81,"curve":"stepped"},{"time":0.3667,"x":-117.02,"y":9.74,"curve":"stepped"},{"time":0.4,"x":-70.97,"y":-2.43},{"time":0.4333,"x":64.17},{"time":0.5333,"x":79.97,"curve":0.25,"c3":0.75},{"time":0.8333}]}},"deform":{"default":{"Group 11":{"Group 11":[{"curve":0.25,"c3":0},{"time":0.2333,"offset":16,"vertices":[-11.40506,6.00434,0,0,0,0,0,0,0,0,0,0,0,0,0,0,0,0,0,0,0,0,0,0,0,0,0,0,6.49062,35.87847,0,0,0,0,6.49062,35.87847,6.49062,35.87847,3.36441,36.30592,6.49062,35.87847,3.36441,36.30592,0,0,0,0,0,0,0,0,4.91037,1.48726,4.7635,1.90648,5.87752,0.75348,5.79055,1.25916,-5.73686,-1.48448],"curve":"stepped"},{"time":0.2667,"offset":16,"vertices":[-11.40506,6.00434,0,0,0,0,0,0,0,0,0,0,0,0,0,0,0,0,0,0,0,0,0,0,0,0,0,0,6.49062,35.87847,0,0,0,0,6.49062,35.87847,6.49062,35.87847,3.36441,36.30592,6.49062,35.87847,3.36441,36.30592,0,0,0,0,0,0,0,0,4.91037,1.48726,4.7635,1.90648,5.87752,0.75348,5.79055,1.25916,-5.73686,-1.48448]},{"time":0.4333,"offset":44,"vertices":[8.83921,-29.65784,0,0,0,0,8.83921,-29.65784,6.27834,-19.05059,5.80614,-19.19975,11.37148,-18.26129,10.91698,-18.5364,0,0,0,0,-7.57702,0.89684,-7.55261,1.08361],"curve":"stepped"},{"time":0.4667,"offset":44,"vertices":[8.83921,-29.65784,0,0,0,0,8.83921,-29.65784,6.27834,-19.05059,5.80614,-19.19975,11.37148,-18.26129,10.91698,-18.5364,0,0,0,0,-7.57702,0.89684,-7.55261,1.08361],"curve":0.25,"c3":0.75},{"time":0.5333,"offset":44,"vertices":[7.06591,-23.70796,0,0,0,0,7.06591,-23.70796,5.0188,-15.22871,4.64133,-15.34794,9.09016,-14.59776,8.72685,-14.81767,0,0,0,0,-6.05694,0.71691,-6.03743,0.86622],"curve":0.25,"c3":0.75},{"time":0.8333}]},"quai":{"quai":[{"curve":0.25,"c3":0},{"time":0.0667,"vertices":[3.26717,35.39719,0,0,0,0,3.26717,35.39719]},{"time":0.1,"vertices":[25.06281,-95.0526,21.38172,-125.62029,21.39664,-189.67914,18.41529,-147.92401],"curve":0.25,"c3":0.21},{"time":0.2333,"vertices":[6.44978,-88.68204,7.58669,-142.7797,10.04759,-201.49591,7.92231,-123.81773],"curve":"stepped"},{"time":0.2667,"vertices":[6.44978,-88.68204,7.58669,-142.7797,10.04759,-201.49591,7.92231,-123.81773]},{"time":0.3333,"vertices":[25.06281,-95.0526,21.38172,-125.62029,21.39664,-189.67914,18.41529,-147.92401]},{"time":0.3667,"vertices":[3.26717,35.39719,0,0,0,0,3.26717,35.39719]},{"time":0.4333,"vertices":[-14.58224,-3.15407,-14.58224,-3.15407],"curve":0.25,"c3":0.75},{"time":0.5333,"vertices":[5.98629,0.99989,5.98629,0.99989],"curve":0.25,"c3":0.75},{"time":0.6,"vertices":[-10.97845,1.16416,-10.97845,1.16416],"curve":0.25,"c3":0.75},{"time":0.7,"vertices":[3.14725,1.90721,3.14725,1.90721],"curve":0.25,"c3":0.75},{"time":0.8333}]},"tai":{"tai":[{"curve":0.25,"c3":0},{"time":0.0667,"vertices":[11.77586,11.40282,14.60431,-47.06128,-0.33849,-9.23562,0.88226,47.44113]},{"time":0.2333,"offset":2,"vertices":[10.953,-24.89072,5.87774,-17.63782],"curve":"stepped"},{"time":0.2667,"offset":2,"vertices":[10.953,-24.89072,5.87774,-17.63782]},{"time":0.3333,"vertices":[11.77586,11.40282,14.60431,-47.06128,-0.33849,-9.23562,0.88226,47.44113]},{"time":0.5}]},"tai2":{"tai":[{"curve":0.25,"c3":0},{"time":0.2333,"vertices":[-27.69991,-8.83328,-48.52857,-13.25729,-43.68985,-36.03863,-22.8612,-31.61465],"curve":"stepped"},{"time":0.2667,"vertices":[-27.69991,-8.83328,-48.52857,-13.25729,-43.68985,-36.03863,-22.8612,-31.61465]},{"time":0.5}]}}},"drawOrder":[{"time":0.4,"offsets":[{"slot":"Group 6","offset":-5}]}],"events":[{"time":0.4333,"name":"attack event"}]},"die":{"slots":{"Group 6":{"color":[{"time":2.0333,"color":"ffffffff"},{"time":2.0667,"color":"ffffff00"}],"attachment":[{"name":null}]},"Group 7":{"attachment":[{"name":"Group 6"},{"time":2.0667,"name":null}]},"Group 11":{"color":[{"time":2.0333,"color":"ffffffff"},{"time":2.0667,"color":"ffffff00"}]},"Group 12":{"color":[{"time":2.0333,"color":"ffffffff"},{"time":2.0667,"color":"ffffff00"}]},"Group 13":{"color":[{"time":2.0333,"color":"ffffffff"},{"time":2.0667,"color":"ffffff00"}],"attachment":[{"name":null}]},"Group 14":{"color":[{"time":2.0333,"color":"ffffffff"},{"time":2.0667,"color":"ffffff00"}],"attachment":[{"name":"Group 13"}]},"chan":{"color":[{"time":2.0333,"color":"ffffffff"},{"time":2.0667,"color":"ffffff00"}]},"chan2":{"color":[{"time":2.0333,"color":"ffffffff"},{"time":2.0667,"color":"ffffff00"}]},"quai":{"color":[{"time":2.0333,"color":"ffffffff"},{"time":2.0667,"color":"ffffff00"}],"attachment":[{"name":null}]},"tai":{"color":[{"time":2.0333,"color":"ffffffff"},{"time":2.0667,"color":"ffffff00"}]},"tai2":{"color":[{"time":2.0333,"color":"ffffffff"},{"time":2.0667,"color":"ffffff00"}]}},"bones":{"root":{"translate":[{"y":-3.03}]},"bone":{"translate":[{"x":31.24,"curve":0.126,"c2":0.64,"c3":0.502,"c4":0.99},{"time":0.3333,"y":335.51,"curve":0.569,"c2":0.01,"c4":0.23},{"time":0.6667,"x":31.24,"y":25.34,"curve":0.25,"c3":0.75},{"time":0.7,"x":160.97,"y":21.72,"curve":0.25,"c3":0.75},{"time":0.7667,"x":49.34,"y":21.72,"curve":0.25,"c3":0.75},{"time":0.8667,"x":77.96,"y":21.72,"curve":0.25,"c3":0.75},{"time":0.9667,"x":73.28,"y":21.72}],"scale":[{"time":0.6667,"curve":0.25,"c3":0.75},{"time":0.7,"x":1.328,"y":0.812,"curve":0.25,"c3":0.75},{"time":0.7667,"x":0.873,"y":1.239,"curve":0.25,"c3":0.75},{"time":0.8667,"x":1.128,"y":0.906},{"time":0.9667}]},"Group 11":{"rotate":[{},{"time":0.0667,"angle":-69.91},{"time":0.6667,"angle":93.26}],"translate":[{},{"time":0.6667,"x":-126.58,"y":-76.7}],"scale":[{"time":1.9667},{"time":2.0667,"x":0.189,"y":0.189}]},"Group 12":{"rotate":[{},{"time":0.0667,"angle":-26.78},{"time":0.7,"angle":0.87}]},"Group 13":{"rotate":[{},{"time":0.0667,"angle":-25.53},{"time":0.6667,"angle":-30.14},{"time":0.7,"angle":-1.48}]},"Group 15":{"rotate":[{},{"time":0.0667,"angle":-1.12},{"time":0.6667,"angle":-23.78},{"time":0.7,"angle":-2.9}]},"Group 17":{"rotate":[{"angle":-0.92}]},"Group 18":{"rotate":[{"angle":-2.17}]},"IK chan p":{"rotate":[{},{"time":0.0667,"angle":-67.1},{"time":0.3,"angle":-54.5},{"time":0.5,"angle":-40.71},{"time":0.6667,"angle":111.7},{"time":0.7,"angle":-6.58}],"translate":[{},{"time":0.0667,"x":-87.72,"y":-2.11},{"time":0.3,"x":-98.68,"y":-49.11},{"time":0.5,"x":-63.74,"y":-54.82},{"time":0.6667,"x":-59.8,"y":102.84},{"time":0.7,"x":-49.84,"y":-8.54}]},"Group 21":{"rotate":[{"angle":0.62}]},"Group 22":{"rotate":[{"angle":-2.17}]},"IK chan p2":{"rotate":[{},{"time":0.0667,"angle":-67.1},{"time":0.3,"angle":-30.98},{"time":0.5,"angle":-7.83},{"time":0.6667,"angle":108.16},{"time":0.7,"angle":10.17}],"translate":[{},{"time":0.0667,"x":-87.72,"y":-2.11},{"time":0.3,"x":-44.5,"y":-52.51},{"time":0.5,"x":-5.67,"y":-69.74},{"time":0.6667,"x":23.01,"y":39.95},{"time":0.7,"x":-14.7,"y":-20.7}]},"Group 25":{"rotate":[{},{"time":0.1667,"angle":120},{"time":0.3333,"angle":-120},{"time":0.5},{"time":0.6667,"angle":-161.28},{"time":1,"angle":170.16,"curve":0.25,"c3":0.75},{"time":1.1667,"angle":-167.89,"curve":0.25,"c3":0.75},{"time":1.3333,"angle":170.16,"curve":0.25,"c3":0.75},{"time":1.5667,"angle":-167.89,"curve":0.25,"c3":0.75},{"time":1.8,"angle":179.46}],"translate":[{"x":32.25,"y":25.79,"curve":0.082,"c2":0.47,"c3":0.423,"c4":0.98},{"time":0.3333,"x":32.25,"y":588.94,"curve":0.383,"c3":0.883,"c4":0.68},{"time":0.6667,"x":32.25,"y":-329.41,"curve":0.126,"c2":0.31,"c3":0.591},{"time":0.8333,"x":32.25,"y":-175.86,"curve":0.471,"c3":0.883,"c4":0.68},{"time":1,"x":47.22,"y":-329.41,"curve":0.25,"c3":0.75},{"time":1.1667,"x":-2.66,"y":-329.41,"curve":0.25,"c3":0.75},{"time":1.3333,"x":52.2,"y":-329.41,"curve":0.25,"c3":0.75},{"time":1.5667,"x":-2.66,"y":-329.41,"curve":0.25,"c3":0.75},{"time":1.8,"x":27.26,"y":-329.41}],"scale":[{"time":1.9667},{"time":2.0667,"x":0.266,"y":0.266}]},"Group 7":{"translate":[{},{"time":0.6667,"x":-542.52}]},"Group 9":{"rotate":[{},{"time":0.3,"angle":120},{"time":0.5333,"angle":-120},{"time":0.8}],"translate":[{"curve":0.064,"c2":0.6,"c3":0.75},{"time":0.4,"x":455.02,"y":175.25,"curve":0.25,"c3":0.918,"c4":0.49},{"time":0.8}]}},"deform":{"default":{"Group 7":{"Group 6":[{"time":0.7667,"curve":0.25,"c3":0.75},{"time":0.8,"offset":2,"vertices":[23.59805,0,23.59805,0,0,0,-78.7579,0.10709,-78.7579,0.10709],"curve":0.25,"c3":0.75},{"time":0.9,"offset":2,"vertices":[-18.35401,0,-18.35401,0,0,0,-78.7579,0.10709,-78.7579,0.10709],"curve":0.25,"c3":0.75},{"time":1,"offset":8,"vertices":[-78.7579,0.10709,-78.7579,0.10709],"curve":"stepped"},{"time":1.9667,"offset":8,"vertices":[-78.7579,0.10709,-78.7579,0.10709]},{"time":2.0667,"offset":2,"vertices":[226.94217,-0.25525,226.94217,-0.25525,0,0,-78.7579,0.10709,-78.7579,0.10709]}]},"chan":{"chan":[{"time":0.6667,"vertices":[0.25613,-0.14561,-0.17687,-0.23563,-0.1769,-0.2356,0.23134,-0.17089,-0.19882,-0.20784,-0.19884,-0.20782,-0.17534,-0.08724,-0.12616,-0.14983,-0.13264,0.14412,-0.13265,0.14413,-0.30305,0.06122,-0.30241,-0.06447,-0.02563,0.30814,-0.02565,0.30817,-0.40347,0.21987,-0.45767,0.04112,0.09877,0.44878,0.09875,0.44879,-0.40588,0.2693,-0.47957,0.0855,0.14557,0.46487,-0.28816,0.32032,-0.27063,0.20467,-0.32976,0.08004,-0.26669,0.1786,-0.31577,0.05769,-0.20613,-0.11727,-0.26808,-0.20971,-0.17406,0.2925,-0.2901,-0.21051,-0.17206,0.31442,0.1199,0.09791,0.08192,-0.13135,0.08192,-0.13133,0.18564,0.12503,0.10051,-0.19998,0.10049,-0.19997,0.12438,-0.42398,0.12437,-0.42398,-0.21173,-0.42313,-0.21175,-0.42311,-0.05027,-0.24445,-0.05029,-0.24445,-0.32536,-0.09859,-0.05657,0.33524,-0.33292,0.21926,-0.3927,0.06863,0.11783,0.38084]}]}}},"drawOrder":[{"offsets":[{"slot":"Group 7","offset":-5}]}]},"idle":{"bones":{"Group 11":{"translate":[{"x":-15.43,"y":-0.37,"curve":0.25,"c3":0.75},{"time":0.3333,"x":17.55,"y":0.42,"curve":0.25,"c3":0.75},{"time":0.6667,"x":-15.43,"y":-0.37}]},"Group 12":{"rotate":[{"angle":-5.15,"curve":0.25,"c3":0.75},{"time":0.3333,"angle":6.62,"curve":0.25,"c3":0.75},{"time":0.6667,"angle":-5.15}]},"Group 13":{"rotate":[{"angle":-2.15,"curve":0.375,"c2":0.62,"c3":0.716},{"time":0.0667,"angle":-3.03,"curve":0.25,"c3":0.75},{"time":0.4,"angle":3.69,"curve":0.243,"c3":0.68,"c4":0.71},{"time":0.6667,"angle":-2.15}]},"Group 15":{"rotate":[{"angle":-0.56,"curve":0.381,"c2":0.55,"c3":0.742},{"time":0.1333,"angle":-3.03,"curve":0.25,"c3":0.75},{"time":0.4667,"angle":3.69,"curve":0.245,"c3":0.637,"c4":0.56},{"time":0.6667,"angle":-0.56}]},"Group 17":{"rotate":[{"angle":9.61},{"time":0.3333,"angle":-8.97},{"time":0.6667,"angle":9.61}]},"Group 18":{"rotate":[{"angle":-2.17}]},"Group 21":{"rotate":[{"angle":11.1},{"time":0.3333,"angle":-7.47},{"time":0.6667,"angle":11.1}]},"Group 22":{"rotate":[{"angle":-2.17}]},"Group 6":{"rotate":[{"angle":3.04,"curve":0.375,"c2":0.5,"c3":0.75},{"time":0.1667,"angle":6.08,"curve":0.25,"c3":0.75},{"time":0.5,"curve":0.25,"c3":0.625,"c4":0.5},{"time":0.6667,"angle":3.04}],"translate":[{"x":16.29,"y":-2.71,"curve":0.375,"c2":0.5,"c3":0.75},{"time":0.1667,"x":32.58,"y":-5.42,"curve":0.25,"c3":0.75},{"time":0.5,"curve":0.25,"c3":0.625,"c4":0.5},{"time":0.6667,"x":16.29,"y":-2.71}]}}},"move":{"slots":{"smoke2":{"attachment":[{"name":"smoke"},{"time":0.1,"name":null},{"time":0.1333,"name":"smoke"},{"time":0.5333,"name":null},{"time":0.5667,"name":"smoke"}]},"smoke3":{"attachment":[{"name":"smoke"},{"time":0.2333,"name":null},{"time":0.2667,"name":"smoke"},{"time":0.6667,"name":null},{"time":0.7,"name":"smoke"}]},"smoke4":{"attachment":[{"name":"smoke"},{"time":0.3667,"name":null},{"time":0.4,"name":"smoke"}]},"smoke5":{"attachment":[{"name":"smoke"},{"time":0.3667,"name":null},{"time":0.4,"name":"smoke"},{"time":0.8,"name":null}]}},"bones":{"Group 12":{"rotate":[{"angle":13.41,"curve":0.371,"c2":0.62,"c3":0.71},{"time":0.0333,"angle":12.8,"curve":0.25,"c3":0.75},{"time":0.2333,"angle":19.12,"curve":0.25,"c3":0.75},{"time":0.4333,"angle":12.8,"curve":0.25,"c3":0.75},{"time":0.6333,"angle":19.12,"curve":0.243,"c3":0.689,"c4":0.75},{"time":0.8,"angle":13.41}],"translate":[{"x":-0.82,"y":6.03,"curve":0.371,"c2":0.62,"c3":0.71},{"time":0.0333,"x":-0.9,"y":6.67,"curve":0.25,"c3":0.75},{"time":0.2333,"curve":0.25,"c3":0.75},{"time":0.4333,"x":-0.9,"y":6.67,"curve":0.25,"c3":0.75},{"time":0.6333,"curve":0.243,"c3":0.689,"c4":0.75},{"time":0.8,"x":-0.82,"y":6.03}]},"Group 13":{"rotate":[{"angle":0.29,"curve":0.382,"c2":0.57,"c3":0.735},{"time":0.0667,"angle":-1.51,"curve":0.25,"c3":0.75},{"time":0.2667,"angle":4.81,"curve":0.25,"c3":0.75},{"time":0.4667,"angle":-1.51,"curve":0.25,"c3":0.75},{"time":0.6667,"angle":4.81,"curve":0.243,"c3":0.649,"c4":0.6},{"time":0.8,"angle":0.29}],"translate":[{"x":12.42,"y":-0.21,"curve":0.382,"c2":0.57,"c3":0.735},{"time":0.0667,"x":19.74,"y":-0.03,"curve":0.25,"c3":0.75},{"time":0.2667,"x":-6.04,"y":-0.66,"curve":0.25,"c3":0.75},{"time":0.4667,"x":19.74,"y":-0.03,"curve":0.25,"c3":0.75},{"time":0.6667,"x":-6.04,"y":-0.66,"curve":0.243,"c3":0.649,"c4":0.6},{"time":0.8,"x":12.42,"y":-0.21}]},"Group 15":{"rotate":[{"angle":1.65,"curve":0.375,"c2":0.5,"c3":0.75},{"time":0.1,"angle":-1.51,"curve":0.25,"c3":0.75},{"time":0.3,"angle":4.81,"curve":0.25,"c3":0.75},{"time":0.5,"angle":-1.51,"curve":0.25,"c3":0.75},{"time":0.7,"angle":4.81,"curve":0.25,"c3":0.625,"c4":0.5},{"time":0.8,"angle":1.65}],"translate":[{"x":8.77,"y":-0.79,"curve":0.375,"c2":0.5,"c3":0.75},{"time":0.1,"x":24.2,"y":-1.15,"curve":0.25,"c3":0.75},{"time":0.3,"x":-6.66,"y":-0.42,"curve":0.25,"c3":0.75},{"time":0.5,"x":24.2,"y":-1.15,"curve":0.25,"c3":0.75},{"time":0.7,"x":-6.66,"y":-0.42,"curve":0.25,"c3":0.625,"c4":0.5},{"time":0.8,"x":8.77,"y":-0.79}]},"Group 16":{"rotate":[{"angle":14.31}]},"Group 17":{"rotate":[{"angle":19.57}],"translate":[{"x":-0.17,"y":-24.87},{"time":0.2,"x":-13.92,"y":-66.66},{"time":0.3,"x":3.26,"y":-54.69},{"time":0.4,"x":2.04,"y":-57.23},{"time":0.5,"x":0.62,"y":-40.7},{"time":0.6,"x":5.99,"y":2.44},{"time":0.7,"x":3.51,"y":6.89},{"time":0.8,"x":-0.17,"y":-24.87}]},"Group 18":{"rotate":[{"angle":-5.06}]},"IK chan p":{"rotate":[{"angle":1.38},{"time":0.1,"angle":12.48},{"time":0.3,"angle":-137.79},{"time":0.4,"angle":-116.79},{"time":0.6,"angle":-57.71},{"time":0.7,"angle":70.85},{"time":0.8,"angle":1.38}],"translate":[{"x":-26.59,"y":4.16},{"time":0.1,"x":-61.32,"y":-6.27},{"time":0.2,"x":-97.6,"y":47.77},{"time":0.3,"x":-102.28,"y":57.01},{"time":0.4,"x":-125.92,"y":50.7},{"time":0.5,"x":-74.31,"y":79.95},{"time":0.6,"x":32.04,"y":117.69},{"time":0.7,"x":96.95,"y":9.45},{"time":0.8,"x":-26.59,"y":4.16}]},"Group 20":{"rotate":[{"angle":-3.65},{"time":0.4,"angle":20.43},{"time":0.8,"angle":-3.65}]},"Group 21":{"rotate":[{"angle":-21.95}],"translate":[{"x":8.43,"y":33.07},{"time":0.2,"x":10.45,"y":66.98},{"time":0.3,"x":-4.57,"y":67.97},{"time":0.4,"x":11.45,"y":44.9},{"time":0.6,"x":-0.95,"y":-3.74},{"time":0.8,"x":8.43,"y":33.07}]},"Group 22":{"rotate":[{"angle":-9.15}]},"IK chan p2":{"rotate":[{"angle":-132.08},{"time":0.3,"angle":74.77},{"time":0.4,"angle":0.38},{"time":0.4667,"angle":-3.99},{"time":0.6,"angle":-65.85},{"time":0.7,"angle":-142.13},{"time":0.8,"angle":-132.08}],"translate":[{"x":-26.35,"y":39.81},{"time":0.1,"x":34.17,"y":56.24},{"time":0.2,"x":93.61,"y":117.61},{"time":0.3,"x":155.71,"y":5.18},{"time":0.4,"x":41.26,"y":4.07},{"time":0.4667,"x":18.08,"y":0.93},{"time":0.6,"x":-29.97,"y":64.58},{"time":0.7,"x":-40.88,"y":74.92},{"time":0.8,"x":-26.35,"y":39.81}]},"Group 24":{"rotate":[{"angle":25.61},{"time":0.4,"angle":3},{"time":0.8,"angle":25.61}]},"Group 6":{"rotate":[{"angle":4.2,"curve":0.371,"c2":0.62,"c3":0.71},{"time":0.0333,"angle":4.81,"curve":0.25,"c3":0.625,"c4":0.5},{"time":0.1333,"angle":1.65,"curve":0.375,"c2":0.5,"c3":0.75},{"time":0.2333,"angle":-1.51,"curve":0.25,"c3":0.75},{"time":0.4333,"angle":4.81,"curve":0.25,"c3":0.75},{"time":0.6333,"angle":-1.51,"curve":0.243,"c3":0.689,"c4":0.75},{"time":0.8,"angle":4.2}],"translate":[{"curve":0.126,"c2":0.2,"c3":0.75},{"time":0.1,"x":-59.62,"y":18.83,"curve":0.25,"c3":0.75},{"time":0.3,"x":92.75,"y":-34.25,"curve":0.25,"c3":0.75},{"time":0.4,"curve":0.25,"c3":0.75},{"time":0.5,"x":-27.04,"y":8.54,"curve":0.25,"c3":0.75},{"time":0.7,"x":17.31,"y":-6.39,"curve":0.25,"c3":0.812,"c4":0.81},{"time":0.8}]},"Group 11":{"translate":[{"curve":0.577,"c2":0.01,"c3":0.423,"c4":0.99},{"time":0.2,"x":-1.97,"y":82.03,"curve":0.577,"c3":0.423},{"time":0.4,"curve":0.577,"c3":0.423},{"time":0.6,"x":-1.97,"y":82.03,"curve":0.577,"c3":0.423},{"time":0.8}]},"smoke2":{"translate":[{"x":-167.22},{"time":0.1,"x":-238.89},{"time":0.1333},{"time":0.5333,"x":-238.89},{"time":0.5667},{"time":0.8,"x":-167.22}],"scale":[{"x":1.69,"y":1.69},{"time":0.1,"x":1.986,"y":1.986},{"time":0.1333},{"time":0.5333,"x":1.986,"y":1.986},{"time":0.5667},{"time":0.8,"x":1.69,"y":1.69}]},"smoke3":{"translate":[{"x":-71.67},{"time":0.1333,"x":-167.22},{"time":0.2333,"x":-238.89},{"time":0.2667},{"time":0.6667,"x":-238.89},{"time":0.7},{"time":0.8,"x":-71.67}],"scale":[{"x":1.296,"y":1.296},{"time":0.1333,"x":1.69,"y":1.69},{"time":0.2333,"x":1.986,"y":1.986},{"time":0.2667},{"time":0.6667,"x":1.986,"y":1.986},{"time":0.7},{"time":0.8,"x":1.296,"y":1.296}]},"smoke4":{"translate":[{"x":-238.89},{"time":0.0333},{"time":0.1333,"x":-71.67},{"time":0.2667,"x":-167.22},{"time":0.3667,"x":-238.89},{"time":0.4},{"time":0.8,"x":-238.89}],"scale":[{"x":1.986,"y":1.986},{"time":0.0333},{"time":0.1333,"x":1.296,"y":1.296},{"time":0.2667,"x":1.69,"y":1.69},{"time":0.3667,"x":1.986,"y":1.986},{"time":0.4},{"time":0.8,"x":1.986,"y":1.986}]},"smoke5":{"translate":[{"x":-238.89},{"time":0.0333},{"time":0.1333,"x":-71.67},{"time":0.2667,"x":-167.22},{"time":0.3667,"x":-238.89},{"time":0.4},{"time":0.8,"x":-238.89}],"scale":[{"x":1.986,"y":1.986},{"time":0.0333},{"time":0.1333,"x":1.296,"y":1.296},{"time":0.2667,"x":1.69,"y":1.69},{"time":0.3667,"x":1.986,"y":1.986},{"time":0.4},{"time":0.8,"x":1.986,"y":1.986}]}},"deform":{"default":{"Group 11":{"Group 11":[{"curve":0.577,"c2":0.01,"c3":0.423,"c4":0.99},{"time":0.2,"offset":16,"vertices":[-12.92836,21.78055,-2.2364,-13.60014]},{"time":0.4,"offset":18,"vertices":[-17.30021,-14.6871]},{"time":0.6,"offset":16,"vertices":[-10.75042,21.09816,-12.85556,-14.70818]},{"time":0.8}]}}}}}}