{"skeleton":{"hash":"nxfcppypLxQ80l4iLAUO7tdcZIg","spine":"3.8.99","x":-274.99,"y":-306.1,"width":688.89,"height":558.79,"images":"","audio":"D:/MEGAsync/Apero/Blue sword"},"bones":[{"name":"root"},{"name":"bone","parent":"root","length":142.94,"rotation":-1.38,"x":-31.19,"y":-221.31},{"name":"Group 11","parent":"bone","length":86.7,"rotation":5.06,"x":0.5,"y":110.52},{"name":"Group 12","parent":"Group 11","length":50.07,"rotation":84.91,"x":-0.7,"y":-1.19},{"name":"Group 13","parent":"Group 12","length":43.88,"rotation":1.41,"x":50.07},{"name":"Group 15","parent":"Group 13","length":87.16,"rotation":-1.22,"x":48.12,"y":-1.24},{"name":"Group 14","parent":"Group 15","length":145.89,"rotation":-0.27,"x":84.5,"y":2.3},{"name":"Group 16","parent":"Group 11","length":87.55,"rotation":-93.68,"x":-0.61,"y":-0.34},{"name":"Group 6","parent":"Group 13","length":85.88,"rotation":-68.2,"x":-69.63,"y":56.88},{"name":"bone2","parent":"root","rotation":-90,"x":130.16,"y":-61.5,"scaleX":0.7439,"scaleY":0.7439},{"name":"blurred dot","parent":"bone2","length":40.59,"rotation":178.43,"x":0.04,"y":0.91,"scaleY":6.4271},{"name":"blurred dot2","parent":"bone2","length":40.59,"rotation":178.43,"x":3.74,"y":2.21,"scaleX":6.4697,"scaleY":7.6997},{"name":"blurred dot3","parent":"bone2","length":40.59,"rotation":147.61,"x":0.04,"y":0.91,"scaleY":5.8771},{"name":"blurred dot4","parent":"bone2","length":40.59,"rotation":38.63,"x":0.04,"y":0.91,"scaleY":6.2299},{"name":"blurred dot5","parent":"bone2","length":40.59,"rotation":98.31,"x":0.04,"y":0.91,"scaleY":6.7548}],"slots":[{"name":"tai2","bone":"Group 15","attachment":"tai"},{"name":"Group 12","bone":"Group 15","attachment":"Group 12"},{"name":"Group 11","bone":"Group 11","attachment":"Group 11"},{"name":"tai","bone":"Group 15","attachment":"tai"},{"name":"Group 13","bone":"Group 14","attachment":"Group 13"},{"name":"Group 6","bone":"Group 6","attachment":"Group 6"},{"name":"blurred dot","bone":"blurred dot","color":"ffffff00","attachment":"blurred dot"},{"name":"blurred dot4","bone":"blurred dot4","color":"ffffff00","attachment":"blurred dot"},{"name":"blurred dot5","bone":"blurred dot5","color":"ffffff00","attachment":"blurred dot"},{"name":"blurred dot3","bone":"blurred dot3","color":"ffffff00","attachment":"blurred dot"},{"name":"blurred dot2","bone":"blurred dot2","color":"53fffa00","attachment":"blurred dot","blend":"additive"},{"name":"dot","bone":"root"}],"skins":[{"name":"default","attachments":{"Group 6":{"Group 6":{"x":109.36,"y":-19.19,"rotation":-92.25,"width":222,"height":452}},"Group 11":{"Group 11":{"type":"mesh","uvs":[0.88736,0.22944,0.94851,0.49065,1,1,0,1,0.05632,0.50096,0.18022,0.2071,0.26229,1.0E-5,0.53713,1.0E-5,0.79725,1.0E-5,0.53776,0.46831,0.54419,0.22944],"triangles":[2,3,9,10,6,7,10,8,0,10,7,8,10,5,6,3,4,9,2,9,1,0,1,9,9,10,0,4,5,9,9,5,10],"vertices":[3,7,-48.87,76.82,0.33783,3,51.6,-75.6,0.17749,4,-0.33,-75.62,0.48468,3,7,4.94,90.28,0.46469,3,-1.86,-90.38,0.43896,4,-54.14,-89.07,0.09636,3,7,109.87,101.6,0.19892,3,-106.47,-104.29,0.10108,1,104.13,2.73,0.7,4,7,109.87,-118.4,0.25594,3,-111.9,115.64,0.04405,4,-159.07,119.6,0,1,-115.8,-2.56,0.7,3,7,7.07,-106.01,0.34949,3,-8.82,105.79,0.56664,4,-56.27,107.21,0.08386,3,7,-53.47,-78.75,0.01824,3,52.37,80.04,0.58233,4,4.27,79.95,0.39943,3,3,95.46,63.04,0.14882,4,46.93,61.9,0.33118,5,-2.54,63.1,0.52,3,7,-96.13,-0.23,0.06822,3,96.95,2.59,0.15238,4,46.93,1.43,0.7794,4,7,-96.13,57,0.06772,3,98.36,-54.62,0.00161,4,46.93,-55.79,0.44067,5,-0.04,-54.57,0.49,3,7,0.34,-0.09,0.19048,3,0.51,0.07,0.8095,4,-49.54,1.3,2.0E-5,3,7,-48.87,1.33,1.7E-4,3,49.74,-0.13,0.55268,4,-0.33,-0.12,0.44715],"hull":9,"edges":[4,6,0,16,10,12,6,8,8,10,0,2,2,4,12,14,14,16],"width":220,"height":206}},"Group 12":{"Group 12":{"x":86.72,"y":11.15,"rotation":-88.78,"width":237,"height":243}},"Group 13":{"Group 13":{"x":60.83,"y":9.38,"rotation":-88.51,"width":481,"height":242}},"blurred dot":{"blurred dot":{"type":"mesh","uvs":[1,1,0.4973,1,0,1,0,0,0.49952,0,1,0],"triangles":[1,2,3,4,1,3,4,5,0,1,4,0],"vertices":[-47.63,-48.16,-47.63,0.1,-47.63,47.84,48.37,47.84,48.37,-0.11,48.37,-48.16],"hull":6,"edges":[4,6,0,10,6,8,8,10,0,2,2,4],"width":96,"height":96}},"blurred dot2":{"blurred dot":{"type":"mesh","uvs":[1,1,0.4973,1,0,1,0,0,0.49952,0,1,0],"triangles":[1,2,3,4,1,3,4,5,0,1,4,0],"vertices":[-47.63,-48.16,-47.63,0.1,-47.63,47.84,48.37,47.84,48.37,-0.11,48.37,-48.16],"hull":6,"edges":[4,6,0,10,6,8,8,10,0,2,2,4],"width":96,"height":96}},"blurred dot3":{"blurred dot":{"type":"mesh","uvs":[1,1,0.4973,1,0,1,0,0,0.49952,0,1,0],"triangles":[1,2,3,4,1,3,4,5,0,1,4,0],"vertices":[-47.63,-48.16,-47.63,0.1,-47.63,47.84,48.37,47.84,48.37,-0.11,48.37,-48.16],"hull":6,"edges":[4,6,0,10,6,8,8,10,0,2,2,4],"width":96,"height":96}},"blurred dot4":{"blurred dot":{"type":"mesh","uvs":[1,1,0.4973,1,0,1,0,0,0.49952,0,1,0],"triangles":[1,2,3,4,1,3,4,5,0,1,4,0],"vertices":[-47.63,-48.16,-47.63,0.1,-47.63,47.84,48.37,47.84,48.37,-0.11,48.37,-48.16],"hull":6,"edges":[4,6,0,10,6,8,8,10,0,2,2,4],"width":96,"height":96}},"blurred dot5":{"blurred dot":{"type":"mesh","uvs":[1,1,0.4973,1,0,1,0,0,0.49952,0,1,0],"triangles":[1,2,3,4,1,3,4,5,0,1,4,0],"vertices":[-47.63,-48.16,-47.63,0.1,-47.63,47.84,48.37,47.84,48.37,-0.11,48.37,-48.16],"hull":6,"edges":[4,6,0,10,6,8,8,10,0,2,2,4],"width":96,"height":96}},"dot":{"dot":{"type":"mesh","color":"8efdffff","uvs":[1,1,0,1,0,0,1,0],"triangles":[1,2,3,1,3,0],"vertices":[199.91,-128.07,55.78,-128.07,55.78,13.99,199.91,13.99],"hull":4,"edges":[0,2,2,4,4,6,0,6],"width":52,"height":52}},"tai":{"tai":{"type":"mesh","uvs":[1,1,0,1,0,0,1,0],"triangles":[1,2,3,1,3,0],"vertices":[-17.57,66.61,-18.93,130.6,51.06,132.09,52.42,68.1],"hull":4,"edges":[0,2,2,4,4,6,0,6],"width":64,"height":70}},"tai2":{"tai":{"type":"mesh","uvs":[1,1,0,1,0,0,1,0],"triangles":[1,2,3,1,3,0],"vertices":[11.48,-49.75,35,-109.27,100.1,-83.54,76.58,-24.02],"hull":4,"edges":[0,2,2,4,4,6,0,6],"width":64,"height":70}}}}],"events":{"attack event":{}},"animations":{"attack":{"slots":{"blurred dot":{"color":[{"time":0.1,"color":"ffffff00"},{"time":0.1667,"color":"ffffffff","curve":"stepped"},{"time":0.4,"color":"ffffffff"},{"time":0.4667,"color":"ffffff00"}]},"blurred dot2":{"color":[{"time":0.1,"color":"53fffa00"},{"time":0.1667,"color":"53fffaff","curve":"stepped"},{"time":0.4,"color":"53fffaff"},{"time":0.4667,"color":"53fffa00"}]},"blurred dot3":{"color":[{"time":0.1,"color":"ffffff00"},{"time":0.1667,"color":"ffffffff","curve":"stepped"},{"time":0.4,"color":"ffffffff"},{"time":0.4667,"color":"ffffff00"}]},"blurred dot4":{"color":[{"time":0.1,"color":"ffffff00"},{"time":0.1667,"color":"ffffffff","curve":"stepped"},{"time":0.4,"color":"ffffffff"},{"time":0.4667,"color":"ffffff00"}]},"blurred dot5":{"color":[{"time":0.1,"color":"ffffff00"},{"time":0.1667,"color":"ffffffff","curve":"stepped"},{"time":0.4,"color":"ffffffff"},{"time":0.4667,"color":"ffffff00"}]},"dot":{"color":[{"time":0.4,"color":"ffffff7e"}],"attachment":[{"time":0.4,"name":"dot"},{"time":0.5,"name":null}]}},"bones":{"Group 11":{"rotate":[{"time":0.3333,"curve":1,"c3":0.75},{"time":0.4667,"angle":8.55,"curve":0.25,"c3":0.75},{"time":0.5667,"angle":-3.36,"curve":0.25,"c3":0.75},{"time":0.6333}],"translate":[{"curve":0.25,"c3":0.111},{"time":0.1667,"x":86.81,"y":2.09,"curve":"stepped"},{"time":0.3333,"x":86.81,"y":2.09,"curve":1,"c3":0.75},{"time":0.4667,"x":-120.29,"y":-2.89,"curve":0.25,"c3":0.75},{"time":0.5667,"x":-110.31,"y":-2.65,"curve":0.25,"c3":0.75},{"time":0.6333,"x":-120.29,"y":-2.89,"curve":0.25,"c3":0.75},{"time":0.8}]},"Group 12":{"rotate":[{"curve":0.25,"c3":0.111},{"time":0.1667,"angle":-24.81,"curve":"stepped"},{"time":0.3333,"angle":-24.81,"curve":1,"c3":0.75},{"time":0.4667,"angle":-10.05,"curve":"stepped"},{"time":0.6333,"angle":-10.05,"curve":0.25,"c3":0.75},{"time":0.8}]},"Group 13":{"rotate":[{"time":0.3333,"curve":1,"c3":0.75},{"time":0.4667,"angle":-8.33,"curve":"stepped"},{"time":0.6333,"angle":-8.33,"curve":0.25,"c3":0.75},{"time":0.8}]},"Group 15":{"rotate":[{"curve":0.25,"c3":0.111},{"time":0.1667,"angle":32.27,"curve":"stepped"},{"time":0.3333,"angle":32.27,"curve":1,"c3":0.75},{"time":0.4667,"angle":8.6,"curve":"stepped"},{"time":0.6333,"angle":8.6,"curve":0.25,"c3":0.75},{"time":0.8}]},"Group 14":{"rotate":[{"time":0.3333,"curve":0.262,"c2":0.33,"c3":0.575,"c4":0.67},{"time":0.4667,"angle":-9.23,"curve":0.238,"c2":0.38,"c3":0.554,"c4":0.74},{"time":0.6333,"angle":18.7,"curve":0.25,"c2":0.61,"c3":0.574},{"time":0.8}]},"Group 6":{"rotate":[{"curve":0.25,"c3":0.111},{"time":0.1667,"angle":4.78,"curve":"stepped"},{"time":0.3333,"angle":4.78,"curve":1,"c3":0.75},{"time":0.4667,"angle":8.24,"curve":"stepped"},{"time":0.6333,"angle":8.24,"curve":0.25,"c3":0.75},{"time":0.8}],"translate":[{"curve":0.25,"c3":0.111},{"time":0.1667,"x":96.75,"y":-142.14,"curve":"stepped"},{"time":0.3333,"x":96.75,"y":-142.14,"curve":1,"c3":0.75},{"time":0.4667,"x":-15.66,"y":90.35,"curve":0.726,"c3":0.75},{"time":0.6333}]},"bone2":{"rotate":[{"time":0.1667},{"time":0.2333,"angle":120},{"time":0.3,"angle":-120},{"time":0.3667},{"time":0.4333,"angle":120},{"time":0.5,"angle":-120},{"time":0.5667}],"translate":[{"time":0.1333,"x":252.52},{"time":0.1667,"x":264.01,"y":-29.51}],"scale":[{"time":0.3333},{"time":0.4,"x":2,"y":2}]}},"deform":{"default":{"dot":{"dot":[{"time":0.4,"vertices":[265.27972,0,265.27972,0,265.27972,0,265.27972]},{"time":0.5,"vertices":[44.13751,-26.91683,-229.09953,41.71994,143.32112,43.29248,279.14294,-15.24961]}]}}},"events":[{"time":0.4333,"name":"attack event"}]},"die":{"slots":{"Group 6":{"color":[{"time":2.0333,"color":"ffffffff"},{"time":2.0667,"color":"ffffff00"}],"attachment":[{"name":null}]},"Group 11":{"color":[{"time":2.0333,"color":"ffffffff"},{"time":2.0667,"color":"ffffff00"}]},"Group 12":{"color":[{"time":2.0333,"color":"ffffffff"},{"time":2.0667,"color":"ffffff00"}]},"Group 13":{"color":[{"time":2.0333,"color":"ffffffff"},{"time":2.0667,"color":"ffffff00"}],"attachment":[{"name":null}]},"tai":{"color":[{"time":2.0333,"color":"ffffffff"},{"time":2.0667,"color":"ffffff00"}]},"tai2":{"color":[{"time":2.0333,"color":"ffffffff"},{"time":2.0667,"color":"ffffff00"}]}},"bones":{"root":{"translate":[{"y":-3.03}]},"bone":{"translate":[{"x":31.24,"curve":0.126,"c2":0.64,"c3":0.502,"c4":0.99},{"time":0.3333,"y":335.51,"curve":0.569,"c2":0.01,"c4":0.23},{"time":0.6667,"x":31.24,"y":25.34,"curve":0.25,"c3":0.75},{"time":0.7,"x":160.97,"y":21.72,"curve":0.25,"c3":0.75},{"time":0.7667,"x":49.34,"y":21.72,"curve":0.25,"c3":0.75},{"time":0.8667,"x":77.96,"y":21.72,"curve":0.25,"c3":0.75},{"time":0.9667,"x":73.28,"y":21.72}],"scale":[{"time":0.6667,"curve":0.25,"c3":0.75},{"time":0.7,"x":1.328,"y":0.812,"curve":0.25,"c3":0.75},{"time":0.7667,"x":0.873,"y":1.239,"curve":0.25,"c3":0.75},{"time":0.8667,"x":1.128,"y":0.906},{"time":0.9667}]},"Group 11":{"rotate":[{},{"time":0.0667,"angle":-69.91},{"time":0.6667,"angle":93.26}],"translate":[{},{"time":0.6667,"x":-126.58,"y":-76.7}],"scale":[{"time":1.9667},{"time":2.0667,"x":0.189,"y":0.189}]},"Group 12":{"rotate":[{},{"time":0.0667,"angle":-26.78},{"time":0.7,"angle":0.87}]},"Group 13":{"rotate":[{},{"time":0.0667,"angle":-25.53},{"time":0.6667,"angle":-30.14},{"time":0.7,"angle":-1.48}]},"Group 15":{"rotate":[{},{"time":0.0667,"angle":-1.12},{"time":0.6667,"angle":-23.78},{"time":0.7,"angle":-2.9}]}}},"idle":{"bones":{"Group 11":{"translate":[{"x":-15.43,"y":-0.37,"curve":0.25,"c3":0.75},{"time":0.3333,"x":17.55,"y":0.42,"curve":0.25,"c3":0.75},{"time":0.6667,"x":-15.43,"y":-0.37}]},"Group 12":{"rotate":[{"angle":-5.15,"curve":0.25,"c3":0.75},{"time":0.3333,"angle":6.62,"curve":0.25,"c3":0.75},{"time":0.6667,"angle":-5.15}]},"Group 13":{"rotate":[{"angle":-2.15,"curve":0.375,"c2":0.62,"c3":0.716},{"time":0.0667,"angle":-3.03,"curve":0.25,"c3":0.75},{"time":0.4,"angle":3.69,"curve":0.243,"c3":0.68,"c4":0.71},{"time":0.6667,"angle":-2.15}]},"Group 15":{"rotate":[{"angle":-0.56,"curve":0.381,"c2":0.55,"c3":0.742},{"time":0.1333,"angle":-3.03,"curve":0.25,"c3":0.75},{"time":0.4667,"angle":3.69,"curve":0.245,"c3":0.637,"c4":0.56},{"time":0.6667,"angle":-0.56}]},"Group 6":{"rotate":[{"angle":3.04,"curve":0.375,"c2":0.5,"c3":0.75},{"time":0.1667,"angle":6.08,"curve":0.25,"c3":0.75},{"time":0.5,"curve":0.25,"c3":0.625,"c4":0.5},{"time":0.6667,"angle":3.04}],"translate":[{"x":16.29,"y":-2.71,"curve":0.375,"c2":0.5,"c3":0.75},{"time":0.1667,"x":32.58,"y":-5.42,"curve":0.25,"c3":0.75},{"time":0.5,"curve":0.25,"c3":0.625,"c4":0.5},{"time":0.6667,"x":16.29,"y":-2.71}]}}},"move":{"bones":{"Group 12":{"rotate":[{"angle":13.41,"curve":0.371,"c2":0.62,"c3":0.71},{"time":0.0333,"angle":12.8,"curve":0.25,"c3":0.75},{"time":0.2333,"angle":19.12,"curve":0.25,"c3":0.75},{"time":0.4333,"angle":12.8,"curve":0.25,"c3":0.75},{"time":0.6333,"angle":19.12,"curve":0.243,"c3":0.689,"c4":0.75},{"time":0.8,"angle":13.41}],"translate":[{"x":-0.82,"y":6.03,"curve":0.371,"c2":0.62,"c3":0.71},{"time":0.0333,"x":-0.9,"y":6.67,"curve":0.25,"c3":0.75},{"time":0.2333,"curve":0.25,"c3":0.75},{"time":0.4333,"x":-0.9,"y":6.67,"curve":0.25,"c3":0.75},{"time":0.6333,"curve":0.243,"c3":0.689,"c4":0.75},{"time":0.8,"x":-0.82,"y":6.03}]},"Group 13":{"rotate":[{"angle":0.29,"curve":0.382,"c2":0.57,"c3":0.735},{"time":0.0667,"angle":-1.51,"curve":0.25,"c3":0.75},{"time":0.2667,"angle":4.81,"curve":0.25,"c3":0.75},{"time":0.4667,"angle":-1.51,"curve":0.25,"c3":0.75},{"time":0.6667,"angle":4.81,"curve":0.243,"c3":0.649,"c4":0.6},{"time":0.8,"angle":0.29}],"translate":[{"x":12.42,"y":-0.21,"curve":0.382,"c2":0.57,"c3":0.735},{"time":0.0667,"x":19.74,"y":-0.03,"curve":0.25,"c3":0.75},{"time":0.2667,"x":-6.04,"y":-0.66,"curve":0.25,"c3":0.75},{"time":0.4667,"x":19.74,"y":-0.03,"curve":0.25,"c3":0.75},{"time":0.6667,"x":-6.04,"y":-0.66,"curve":0.243,"c3":0.649,"c4":0.6},{"time":0.8,"x":12.42,"y":-0.21}]},"Group 15":{"rotate":[{"angle":1.65,"curve":0.375,"c2":0.5,"c3":0.75},{"time":0.1,"angle":-1.51,"curve":0.25,"c3":0.75},{"time":0.3,"angle":4.81,"curve":0.25,"c3":0.75},{"time":0.5,"angle":-1.51,"curve":0.25,"c3":0.75},{"time":0.7,"angle":4.81,"curve":0.25,"c3":0.625,"c4":0.5},{"time":0.8,"angle":1.65}],"translate":[{"x":8.77,"y":-0.79,"curve":0.375,"c2":0.5,"c3":0.75},{"time":0.1,"x":24.2,"y":-1.15,"curve":0.25,"c3":0.75},{"time":0.3,"x":-6.66,"y":-0.42,"curve":0.25,"c3":0.75},{"time":0.5,"x":24.2,"y":-1.15,"curve":0.25,"c3":0.75},{"time":0.7,"x":-6.66,"y":-0.42,"curve":0.25,"c3":0.625,"c4":0.5},{"time":0.8,"x":8.77,"y":-0.79}]},"Group 16":{"rotate":[{"angle":14.31}]},"Group 6":{"rotate":[{"angle":4.2,"curve":0.371,"c2":0.62,"c3":0.71},{"time":0.0333,"angle":4.81,"curve":0.25,"c3":0.625,"c4":0.5},{"time":0.1333,"angle":1.65,"curve":0.375,"c2":0.5,"c3":0.75},{"time":0.2333,"angle":-1.51,"curve":0.25,"c3":0.75},{"time":0.4333,"angle":4.81,"curve":0.25,"c3":0.75},{"time":0.6333,"angle":-1.51,"curve":0.243,"c3":0.689,"c4":0.75},{"time":0.8,"angle":4.2}],"translate":[{"curve":0.126,"c2":0.2,"c3":0.75},{"time":0.1,"x":-59.62,"y":18.83,"curve":0.25,"c3":0.75},{"time":0.3,"x":92.75,"y":-34.25,"curve":0.25,"c3":0.75},{"time":0.4,"curve":0.25,"c3":0.75},{"time":0.5,"x":-27.04,"y":8.54,"curve":0.25,"c3":0.75},{"time":0.7,"x":17.31,"y":-6.39,"curve":0.25,"c3":0.812,"c4":0.81},{"time":0.8}]},"Group 11":{"translate":[{"curve":0.577,"c2":0.01,"c3":0.423,"c4":0.99},{"time":0.2,"x":-1.97,"y":82.03,"curve":0.577,"c3":0.423},{"time":0.4,"curve":0.577,"c3":0.423},{"time":0.6,"x":-1.97,"y":82.03,"curve":0.577,"c3":0.423},{"time":0.8}]}}}}}