{"skeleton":{"hash":"PNfxN5Np4ZctDgEobZQHFAAcytY","spine":"3.8.99","x":-256.73,"y":-223.9,"width":488.1,"height":555.24,"images":"","audio":""},"bones":[{"name":"root"},{"name":"Layer 73 copy","parent":"root","length":166.88,"rotation":17.6,"x":-29.66,"y":129.04}],"slots":[{"name":"Layer 76","bone":"root","attachment":"Layer 76"},{"name":"Layer 73 copy","bone":"Layer 73 copy","attachment":"Layer 73 copy"},{"name":"flash","bone":"root"},{"name":"blurred dot","bone":"root","color":"ffb43aff","blend":"additive"}],"skins":[{"name":"default","attachments":{"Layer 73 copy":{"Layer 73 copy":{"x":17.11,"y":-2.2,"rotation":4.8,"width":422,"height":257}},"Layer 76":{"Layer 76":{"x":2.04,"y":-82.9,"width":299,"height":282}},"blurred dot":{"blurred dot":{"x":355.11,"y":270.27,"scaleX":12.3097,"scaleY":10.3303,"rotation":20.38,"width":96,"height":96}},"flash":{"flash":{"color":"fffdcaff","x":333.17,"y":295.64,"scaleX":0.6701,"rotation":16.1,"width":687,"height":459}}}}],"events":{"attack event":{}},"animations":{"attack":{"slots":{"blurred dot":{"color":[{"time":0.1333,"color":"ffb43aff"},{"time":0.2333,"color":"501304ff"},{"time":0.2667,"color":"a8280a00"}],"attachment":[{"time":0.0333,"name":"blurred dot"}]},"flash":{"attachment":[{"time":0.0333,"name":"flash"},{"time":0.1,"name":null}]}},"bones":{"Layer 73 copy":{"rotate":[{"curve":0.25,"c3":0.75},{"time":0.0333,"angle":12.05,"curve":0.25,"c3":0.75},{"time":0.1333,"angle":-5.94,"curve":0.25,"c3":0.75},{"time":0.2333,"angle":1.29,"curve":0.25,"c3":0.75},{"time":0.3333}],"translate":[{"curve":0.25,"c3":0.75},{"time":0.0333,"x":-159.84,"y":-50.71,"curve":0.25,"c3":0.75},{"time":0.1333,"x":52.04,"y":16.51,"curve":0.25,"c3":0.75},{"time":0.2333,"x":-4.13,"y":-1.31,"curve":0.25,"c3":0.75},{"time":0.3333}]}},"events":[{"time":0.0333,"name":"attack event"}]},"idle":{"bones":{"Layer 73 copy":{"translate":[{"curve":0.25,"c3":0.75},{"time":0.0667,"x":4.03,"y":-12.2,"curve":0.25,"c3":0.75},{"time":0.1333}]}}}}}